Week #,Post Title,Target Keyword,Estimated Word Count,Difficulty,Internal Links,Main H2 Topics,Target Audience,CTA Type
1,How to outsource lead generation without losing quality,outsource lead generation,1300,Easy,Lead Generation,Core Challenge: Why Lead Gen Quality Drops; The Business Case for Outsourcing in 2026; SOPs Creation; Lead Scoring Framework; Quality Control Loops; Multi-Channel Outreach Tools,Small Business Owners / Founders,Free Lead Audit
2,5 signs your business needs a virtual customer support team,virtual customer support,1000,Easy,Customer Support,Scaling Customer Tickets; Customer Retention Drop Warnings; Team Burnout Signals; Virtual Support Advantages; Outsourced Cost Metrics,Growth Stage Founders / COOs,Consultation Booking
3,Remote bookkeeping vs in-house: what US small businesses choose in 2026,remote bookkeeping,1200,Medium,Finance & Bookkeeping,The In-House Accounting Overhead; GAAP Compliance in 2026; Remote Bookkeeping Toolsets; Cost Comparison Audit; Safety & Internal Auditing,US Small Business Owners,Free Book Audit
4,How to hire a remote web development team (without the risk),remote web development,1100,Easy,Web Development,Defining Clear Development Scope; How to Vet Technical Talent; Escrow & Secure Contracting; Timezone & Communication Rules; Code Repositories & Security,Tech Startups / Agency Owners,Consultation
5,Best CRM management services for growing US businesses,CRM management services,1200,Medium,CRM Management,Why CRM Data Decays; Features of Top CRM Tools; HubSpot vs Salesforce in 2026; Automation Workflows; Ongoing CRM Maintenance,Sales Directors / COOs,Free CRM Review
6,Why UK real estate agencies are switching to virtual assistants,real estate virtual assistant,1000,Easy,Real Estate Services,UK Real Estate Market Shifts; Administrative Overhead; Listing & Lead Qualification; Calendar Syncing; Real Estate VA Cost Savings UK,UK Estate Agents,Strategy Session
7,How to manage your online reputation without a full-time team,online reputation management,1200,Medium,Online Reputation Management,Why Digital First Impressions Matter; Automating Review Collection; Defusing Negative Reviews; Customer Feedback loops; 15-Minute Monitoring SOP,Retail & B2C Owners,Reputation Audit
8,Social media management outsourcing: what to expect in your first 30 days,social media management,1100,Easy,Marketing & Social Media,Onboarding & Asset Handover; Social Style Guides; Content Calendars & Approvals; Communication Cycles; Measuring Early Engagement,Founders / Brand Leads,Free Content Audit
9,Remotage vs hiring in-house: full cost comparison for AU businesses,Remotage vs hiring in-house,1350,Medium,Main Services Page,Australian Tech & Service Salaries; Superannuation & Payroll Overhead; Flexible Scaling Benefits; Client Success Stories AU; Cost Breakdown Model,AU Business Directors,Full Cost Analysis
10,Top 5 remote business service agencies in 2026 (honest review),remote business service agency,1400,Hard,Main Services Page,The 2026 Outsourcing Landscape; Vetting & Quality Criteria; Competitor Profiles; The Remotage Differentiator; Choosing the Right Partner,Enterprise Decision Makers,Free Consult
11,How much does outsourcing customer support actually cost?,outsourcing customer support cost,1100,Easy,Customer Support,Hourly Support vs Monthly Retainers; Hidden Outsourcing Fees; Calculating Support ROI; Support Tiers; Cost Comparison Table,CFOs / Support Ops,Price Estimation
12,Remotage case study: how we helped a UK startup scale without hiring,scale without hiring,1300,Medium,All Service Pages,The Seed Startup Bottleneck; Tailoring Remotage Services; Multi-Task Integration; Process Automations; 300% Operational Efficiency Metrics,Seed & Series A Founders,Read Case Study
