Post Title,Publish Date,Target Keyword,Target Keyword Rank,Rank Checked Via,Clicks from Search (GSC),Impressions (GSC),Traffic (GA4 Views),Conversions (Bookings),Conversion Rate (%),Next Optimization Action
"How to outsource lead generation without losing quality",2026-06-10,"outsource lead generation",,,,,,=IF(H2>0,(I2/H2)*100,0),"If rank < 10, optimize internal link anchors; if CTR < 2%, rewrite meta description."
"5 signs your business needs a virtual customer support team",2026-06-17,"virtual customer support",,,,,,=IF(H3>0,(I3/H3)*100,0),"Check keyword alignment in H2 headers; expand section on customer retention metrics."
"Remote bookkeeping vs in-house: what US small businesses choose in 2026",2026-06-24,"remote bookkeeping",,,,,,=IF(H4>0,(I4/H4)*100,0),"Ensure CTA points directly to Bookkeeping audit form; update stats for the current year."
"How to hire a remote web development team (without the risk)",2026-07-01,"remote web development",,,,,,=IF(H5>0,(I5/H5)*100,0),"Add code-snippet images or developer onboarding checklist download to boost conversions."
"Best CRM management services for growing US businesses",2026-07-08,"CRM management services",,,,,,=IF(H6>0,(I6/H6)*100,0),"Update competitor lists; add link to Week 12 case study once published."
"Why UK real estate agencies are switching to virtual assistants",2026-07-15,"real estate virtual assistant",,,,,,=IF(H7>0,(I7/H7)*100,0),"Optimize local search keywords; reach out to property bloggers in UK."
"How to manage your online reputation without a full-time team",2026-07-22,"online reputation management",,,,,,=IF(H8>0,(I8/H8)*100,0),"Add video walkthrough or review management software comparison table."
"Social media management outsourcing: what to expect in your first 30 days",2026-07-29,"social media management",,,,,,=IF(H9>0,(I9/H9)*100,0),"Link to the Marketing & Social Media services page; add content calendar template download link."
"Remotage vs hiring in-house: full cost comparison for AU businesses",2026-08-05,"Remotage vs hiring in-house",,,,,,=IF(H10>0,(I10/H10)*100,0),"Update salary figures with new ABS stats; add comparison calculator widget."
"Top 5 remote business service agencies in 2026 (honest review)",2026-08-12,"remote business service agency",,,,,,=IF(H11>0,(I11/H11)*100,0),"Review competitor updates; ensure pricing comparisons are accurate and up-to-date."
"How much does outsourcing customer support actually cost?",2026-08-19,"outsourcing customer support cost",,,,,,=IF(H12>0,(I12/H12)*100,0),"Insert comparison table; expand on monthly retainer benefits vs hourly wages."
"Remotage case study: how we helped a UK startup scale without hiring",2026-08-26,"scale without hiring",,,,,,=IF(H13>0,(I13/H13)*100,0),"Promote on LinkedIn; add slide graphic illustrating startup growth curve."
